Photo_id,Labels
105_1.jpg,3
121_1.jpg,3
128_1.jpg,3
134_1.jpg,3
138_1.jpg,3
147_1.jpg,3
149_1.jpg,4
15_1.jpg,3
153_1.jpg,3
160_1.jpg,3
164_1.jpg,3
166_1.jpg,3
176_1.jpg,3
179_1.jpg,3
180_1.jpg,3
184_1.jpg,3
195_1.jpg,3
203_1.jpg,3
21_1.jpg,2
211_1.jpg,3
214_1.jpg,2
227_1.jpg,2
233_1.jpg,3
245_1.jpg,3
247_1.jpg,3
254_1.jpg,3
256_1.jpg,2
260_1.jpg,3
292_1.jpg,3
294_1.jpg,3
315_1.jpg,3
316_1.jpg,3
317_1.jpg,3
319_1.jpg,3
320_1.jpg,3
321_1.jpg,2
328_1.jpg,3
33_1.jpg,3
331_1.jpg,3
334_1.jpg,2
335_1.jpg,2
341_1.jpg,2
345_1.jpg,3
349_1.jpg,4
364_1.jpg,2
37_1.jpg,3
372_1.jpg,3
378_1.jpg,3
379_1.jpg,3
383_1.jpg,2
388_1.jpg,3
39_1.jpg,3
390_1.jpg,3
394_1.jpg,3
398_1.jpg,3
403_1.jpg,3
406_1.jpg,4
413_1.jpg,3
429_1.jpg,1
434_1.jpg,2
439_1.jpg,3
44_1.jpg,3
45_1.jpg,3
451_1.jpg,2
454_1.jpg,2
459_1.jpg,2
463_1.jpg,2
466_1.jpg,3
47_1.jpg,3
475_1.jpg,2
477_1.jpg,3
479_1.jpg,2
481_1.jpg,3
49_1.jpg,3
492_1.jpg,4
495_1.jpg,3
505_1.jpg,2
514_1.jpg,1
518_1.jpg,2
520_1.jpg,3
530_1.jpg,3
536_1.jpg,3
54_1.jpg,3
541_1.jpg,3
546_1.jpg,3
547_1.jpg,3
555_1.jpg,2
558_1.jpg,3
559_1.jpg,2
56_1.jpg,3
565_1.jpg,3
566_1.jpg,3
57_1.jpg,3
581_1.jpg,3
599_1.jpg,4
606_1.jpg,3
610_1.jpg,3
613_1.jpg,3
622_1.jpg,3
627_1.jpg,3
633_1.jpg,3
634_1.jpg,3
637_1.jpg,3
641_1.jpg,3
646_1.jpg,2
652_1.jpg,2
662_1.jpg,2
671_1.jpg,3
672_1.jpg,3
674_1.jpg,3
683_1.jpg,3
699_1.jpg,3
703_1.jpg,3
704_1.jpg,3
707_1.jpg,3
708_1.jpg,4
709_1.jpg,2
712_1.jpg,3
716_1.jpg,3
717_1.jpg,2
719_1.jpg,2
722_1.jpg,3
730_1.jpg,3
731_1.jpg,3
732_1.jpg,3
736_1.jpg,3
745_1.jpg,3
75_1.jpg,3
758_1.jpg,4
84_1.jpg,3
90_1.jpg,3
97_1.jpg,3
